Studio,Page,Raw,Canonical
A Thinking Ape,1,"Times GroupForge of Empires: pace seasonal questlines & guild-expedition reward ladders by cohort, mid-session. • Elvenar: tune tournament difficulty,  event-task requ",Shop/Offer Ladders
Bandai,1,"Times GroupForge of Empires: pace seasonal questlines & guild-expedition reward ladders by cohort, mid-session. • Elvenar: tune tournament difficulty,  event-task requ",Shop/Offer Ladders
Bandai Namco,1,"Times GroupForge of Empires: pace seasonal questlines & guild-expedition reward ladders by cohort, mid-session. • Elvenar: tune tournament difficulty,  event-task requ",Shop/Offer Ladders
EA,1,"Times GroupForge of Empires: pace seasonal questlines & guild-expedition reward ladders by cohort, mid-session. • Elvenar: tune tournament difficulty,  event-task requ",Shop/Offer Ladders
IUGO Mobile Entertainment,1,"Times GroupForge of Empires: pace seasonal questlines & guild-expedition reward ladders by cohort, mid-session. • Elvenar: tune tournament difficulty,  event-task requ",Shop/Offer Ladders
King,1,"Times GroupForge of Empires: pace seasonal questlines & guild-expedition reward ladders by cohort, mid-session. • Elvenar: tune tournament difficulty,  event-task requ",Shop/Offer Ladders
Modern Times Group,1,"Times GroupForge of Empires: pace seasonal questlines & guild-expedition reward ladders by cohort, mid-session. • Elvenar: tune tournament difficulty,  event-task requ",Shop/Offer Ladders
Namco,1,"Times GroupForge of Empires: pace seasonal questlines & guild-expedition reward ladders by cohort, mid-session. • Elvenar: tune tournament difficulty,  event-task requ",Shop/Offer Ladders
Scopely,1,"Times GroupForge of Empires: pace seasonal questlines & guild-expedition reward ladders by cohort, mid-session. • Elvenar: tune tournament difficulty,  event-task requ",Shop/Offer Ladders
Social Point,1,"Times GroupForge of Empires: pace seasonal questlines & guild-expedition reward ladders by cohort, mid-session. • Elvenar: tune tournament difficulty,  event-task requ",Shop/Offer Ladders